{
    "rlimit": {
        "data": -1,
        "stack": -1
    },
    "cycles_program_begin": 48649519436271633,
    "LVLData": [
        "SIM"
    ],
    "CompileStrategy": "fullobj",
    "MlibObjs": {},
    "perf": [
        {
            "stat": [
                "main",
                "entry",
                0.074627876281738281,
                0.085986000000000007,
                0.036993999999999999,
                210488,
                210488,
                0.0,
                0.0,
                1569251236.7645659,
                48649519436727813
            ],
            "sub": [
                {
                    "stat": [
                        "doParsingAndDesignResolution",
                        "entry",
                        0.53964781761169434,
                        0.096985000000000002,
                        0.077988000000000002,
                        231868,
                        232536,
                        0.0,
                        0.0,
                        1569251237.2295859,
                        48649520549908803
                    ],
                    "sub": []
                },
                {
                    "stat": [
                        "doParsingAndDesignResolution",
                        "exit",
                        4.2214720249176025,
                        3.4544739999999998,
                        0.16797400000000001,
                        272628,
                        273276,
                        0.0,
                        0.0,
                        1569251240.9114101,
                        48649529364116109
                    ],
                    "sub": []
                },
                {
                    "stat": [
                        "doPostDesignResolutionToVir2Vcs",
                        "entry",
                        4.2678790092468262,
                        3.4924689999999998,
                        0.16797400000000001,
                        272628,
                        273276,
                        0.0,
                        0.0,
                        1569251240.9578171,
                        48649529475255957
                    ],
                    "sub": [
                        {
                            "stat": [
                                "doUptoVir2VcsNoSepCleanup",
                                "entry",
                                5.9644498825073242,
                                5.1512159999999998,
                                0.19697000000000001,
                                273528,
                                273532,
                                0.0,
                                0.0,
                                1569251242.654388,
                                48649533536798457
                            ],
                            "sub": []
                        },
                        {
                            "stat": [
                                "doUptoVir2VcsNoSepCleanup",
                                "exit",
                                10.567790031433105,
                                9.5405490000000004,
                                0.299954,
                                281324,
                                293980,
                                0.0069979999999999999,
                                0.027994999999999999,
                                1569251247.2577281,
                                48649544557025493
                            ],
                            "sub": []
                        },
                        {
                            "stat": [
                                "doRadify_vir2vcsAll",
                                "entry",
                                10.567936897277832,
                                9.5405490000000004,
                                0.299954,
                                281324,
                                293980,
                                0.0069979999999999999,
                                0.027994999999999999,
                                1569251247.257875,
                                48649544557240698
                            ],
                            "sub": []
                        },
                        {
                            "stat": [
                                "doRadify_vir2vcsAll",
                                "exit",
                                11.018316984176636,
                                9.9574859999999994,
                                0.32595000000000002,
                                303300,
                                303300,
                                0.0069979999999999999,
                                0.027994999999999999,
                                1569251247.7082551,
                                48649545635734143
                            ],
                            "sub": []
                        }
                    ]
                },
                {
                    "stat": [
                        "doPostDesignResolutionToVir2Vcs",
                        "exit",
                        11.018489837646484,
                        9.9574859999999994,
                        0.32695000000000002,
                        303300,
                        303300,
                        0.0069979999999999999,
                        0.027994999999999999,
                        1569251247.7084279,
                        48649545635855454
                    ],
                    "sub": []
                },
                {
                    "stat": [
                        "doGAToPass2",
                        "entry",
                        11.018522977828979,
                        9.9574859999999994,
                        0.32695000000000002,
                        303300,
                        303300,
                        0.0069979999999999999,
                        0.027994999999999999,
                        1569251247.708461,
                        48649545635917434
                    ],
                    "sub": [
                        {
                            "stat": [
                                "DoPass2",
                                "entry",
                                11.114605903625488,
                                9.9904809999999991,
                                0.33594800000000002,
                                295908,
                                303300,
                                0.015997000000000001,
                                0.047992,
                                1569251247.804544,
                                48649545866039349
                            ],
                            "sub": []
                        },
                        {
                            "stat": [
                                "DoPass2",
                                "exit",
                                12.95508885383606,
                                11.737214999999999,
                                0.38694099999999998,
                                303396,
                                303588,
                                0.018997,
                                0.051991999999999997,
                                1569251249.6450269,
                                48649550272051929
                            ],