{
    "stat": {
        "ru_self_cgstart": {
            "ru_maxrss_kb": 142060,
            "ru_utime_sec": 10.581391,
            "ru_nivcsw": 497,
            "ru_majflt": 0,
            "ru_stime_sec": 0.49992399999999998,
            "ru_minflt": 56006,
            "ru_nvcsw": 831
        },
        "realTime": 13.315026998519897,
        "CodeGen(%)": 14.183933906396556,
        "ru_childs_cgstart": {
            "ru_maxrss_kb": 80972,
            "ru_utime_sec": 0.016997000000000002,
            "ru_nivcsw": 23,
            "ru_majflt": 0,
            "ru_stime_sec": 0.045992999999999999,
            "ru_minflt": 8053,
            "ru_nvcsw": 47
        },
        "outputSizePerQuad": 2.896457830749755,
        "peak_mem_kb": 303588,
        "nQuads": 125601,
        "cpu_cycles_cgstart": 48650251686120078,
        "nMops": 396256,
        "ru_childs_end": {
            "ru_maxrss_kb": 81364,
            "ru_utime_sec": 0.019996,
            "ru_nivcsw": 25,
            "ru_majflt": 0,
            "ru_stime_sec": 0.049992000000000002,
            "ru_minflt": 8582,
            "ru_nvcsw": 52
        },
        "totalObjSize": 363798,
        "Frontend(%)": 85.816066093603439,
        "cpu_cycles_total": 31730282928,
        "ru_self_end": {
            "ru_maxrss_kb": 147260,
            "ru_utime_sec": 12.330125000000001,
            "ru_nivcsw": 517,
            "ru_majflt": 0,
            "ru_stime_sec": 0.55291500000000005,
            "ru_minflt": 71530,
            "ru_nvcsw": 928
        },
        "cpu_cycles_end": 48650256111319281,
        "mopSpeed": 226207.98945958068,
        "quadSpeed": 71700.995528428073,
        "mop/quad": 3.1548793401326423
    },
    "PrevCompiledModules": {
        "my_pkg": {
            "FL4gc_d": {
                "mode": 4,
                "bytes": 276826,
                "mod": "my_pkg",
                "checksum": 0,
                "out": "FL4gc_d.o",
                "archive": "archive.25/_prev_archive_1.a"
            }
        },
        "vcs_paramclassrepository": {
            "hEeZs_d": {
                "mode": 4,
                "bytes": 6561612,
                "mod": "vcs_paramclassrepository",
                "checksum": 0,
                "out": "hEeZs_d.o",
                "archive": "archive.25/_prev_archive_1.a"
            }
        },
        "uvm_pkg": {
            "zr7M1_d": {
                "mode": 4,
                "bytes": 6911300,
                "mod": "uvm_pkg",
                "checksum": 0,
                "out": "zr7M1_d.o",
                "archive": "archive.25/_prev_archive_1.a"
            }
        },
        "top": {
            "Emx8S_d": {
                "mode": 4,
                "bytes": 20394,
                "mod": "top",
                "archive": "archive.25/_31273_archive_1.a",
                "out": "Emx8S_d.o",
                "checksum": 0
            }
        },
        "dut_": {
            "t4qjj_d": {
                "mode": 4,
                "bytes": 6632,
                "mod": "dut_",
                "checksum": 0,
                "out": "t4qjj_d.o",
                "archive": "archive.25/_prev_archive_1.a"
            }
        },
        "std": {
            "reYIK_d": {
                "mode": 4,
                "bytes": 44374,
                "mod": "std",
                "checksum": 0,
                "out": "reYIK_d.o",
                "archive": "archive.25/_prev_archive_1.a"
            }
        },
        "uvm_custom_install_recording": {
            "nhiwz_d": {
                "mode": 4,
                "bytes": 518674,
                "mod": "uvm_custom_install_recording",
                "checksum": 0,
                "out": "nhiwz_d.o",
                "archive": "archive.25/_prev_archive_1.a"
            }
        },
        "...MASTER...": {
            "amcQw_d": {
                "mode": 4,
                "bytes": 9174,
                "mod": "...MASTER...",
                "checksum": 0,
                "out": "objs/amcQw_d.o"
            }
        },
        "_vcs_msglog": {
            "zQBzV_d": {
                "mode": 4,
                "bytes": 10638,
                "mod": "_vcs_msglog",
                "checksum": 0,
                "out": "zQBzV_d.o",
                "archive": "archive.25/_prev_archive_1.a"
            }
        },
        "_vcs_DPI_package": {
            "uM9F1_d": {
                "mode": 4,
                "bytes": 11850,
                "mod": "_vcs_DPI_package",
                "checksum": 0,
                "out": "uM9F1_d.o",
                "archive": "archive.25/_prev_archive_1.a"
            }
        },
        "my_interface": {
            "exZ7J_d": {
                "mode": 4,
                "bytes": 14306,
                "mod": "my_interface",
                "checksum": 0,
                "out": "exZ7J_d.o",
                "archive": "archive.25/_prev_archive_1.a"
            }
        }
    },
    "cycles_program_begin": 48650224381036353,
    "perf": [
        {
            "stat": [
                "main",
                "entry",
                0.060812950134277344,
                0.082987000000000005,
                0.19796900000000001,
                210488,
                210488,
                0.0,
                0.0,
                1569251531.231004,
                48650224381499757
            ],
            "sub": [
                {
                    "stat": [
                        "doParsingAndDesignResolution",
                        "entry",
                        0.20627903938293457,
                        0.095985000000000001,
                        0.20696800000000001,
                        231868,
                        232536,
                        0.0,
                        0.0,
                        1569251531.3764701,
                        48650224729647363
                    ],
                    "sub": []
                },
                {
                    "stat": [
                        "doParsingAndDesignResolution",
                        "exit",
                        4.2635600566864014,
                        3.7664270000000002,
                        0.33794800000000003,
                        272628,
                        273276,
                        0.0,
                        0.0,
                        1569251535.4337511,
                        48650234442687963
                    ],
                    "sub": []
                },
                {
                    "stat": [
                        "doPostDesignResolutionToVir2Vcs",
                        "entry",
                        4.308398962020874,
                        3.8044210000000001,
                        0.33894800000000003,
                        272628,
                        273276,
                        0.0,
                        0.0,
                        1569251535.47859,
                        48650234550057573
                    ],
                    "sub": [
                        {
                            "stat": [
                                "doUptoVir2VcsNoSepCleanup",
                                "entry",
                                6.03059983253479,
                                5.4911649999999996,
                                0.36294399999999999,
                                273528,
                                273532,
                                0.0,
                                0.0,
                                1569251537.2007909,
                                48650238672994365
                            ],